,ds,y,unique_id
0,2020-01-02,118573.0,IBOVESPA
1,2020-01-03,117707.0,IBOVESPA
2,2020-01-04,117707.0,IBOVESPA
3,2020-01-05,117707.0,IBOVESPA
4,2020-01-06,116878.0,IBOVESPA
5,2020-01-07,116662.0,IBOVESPA
6,2020-01-08,116247.0,IBOVESPA
7,2020-01-09,115947.0,IBOVESPA
8,2020-01-10,115503.0,IBOVESPA
9,2020-01-11,115503.0,IBOVESPA
10,2020-01-12,115503.0,IBOVESPA
11,2020-01-13,117325.0,IBOVESPA
12,2020-01-14,117632.0,IBOVESPA
13,2020-01-15,116414.0,IBOVESPA
14,2020-01-16,116704.0,IBOVESPA
15,2020-01-17,118478.0,IBOVESPA
16,2020-01-18,118478.0,IBOVESPA
17,2020-01-19,118478.0,IBOVESPA
18,2020-01-20,118862.0,IBOVESPA
19,2020-01-21,117026.0,IBOVESPA
20,2020-01-22,118391.0,IBOVESPA
21,2020-01-23,119528.0,IBOVESPA
22,2020-01-24,118376.0,IBOVESPA
23,2020-01-25,118376.0,IBOVESPA
24,2020-01-26,118376.0,IBOVESPA
25,2020-01-27,114482.0,IBOVESPA
26,2020-01-28,116479.0,IBOVESPA
27,2020-01-29,115385.0,IBOVESPA
28,2020-01-30,115528.0,IBOVESPA
29,2020-01-31,113761.0,IBOVESPA
30,2020-02-01,113761.0,IBOVESPA
31,2020-02-02,113761.0,IBOVESPA
32,2020-02-03,114629.0,IBOVESPA
33,2020-02-04,115557.0,IBOVESPA
34,2020-02-05,116028.0,IBOVESPA
35,2020-02-06,115190.0,IBOVESPA
36,2020-02-07,113770.0,IBOVESPA
37,2020-02-08,113770.0,IBOVESPA
38,2020-02-09,113770.0,IBOVESPA
39,2020-02-10,112570.0,IBOVESPA
40,2020-02-11,115371.0,IBOVESPA
41,2020-02-12,116674.0,IBOVESPA
42,2020-02-13,115662.0,IBOVESPA
43,2020-02-14,114381.0,IBOVESPA
44,2020-02-15,114381.0,IBOVESPA
45,2020-02-16,114381.0,IBOVESPA
46,2020-02-17,115309.0,IBOVESPA
47,2020-02-18,114977.0,IBOVESPA
48,2020-02-19,116518.0,IBOVESPA
49,2020-02-20,114586.0,IBOVESPA
50,2020-02-21,113681.0,IBOVESPA
51,2020-02-22,113681.0,IBOVESPA
52,2020-02-23,113681.0,IBOVESPA
53,2020-02-24,113681.0,IBOVESPA
54,2020-02-25,113681.0,IBOVESPA
55,2020-02-26,105718.0,IBOVESPA
56,2020-02-27,102984.0,IBOVESPA
57,2020-02-28,104172.0,IBOVESPA
58,2020-02-29,104172.0,IBOVESPA
59,2020-03-01,104172.0,IBOVESPA
60,2020-03-02,106625.0,IBOVESPA
61,2020-03-03,105537.0,IBOVESPA
62,2020-03-04,107224.0,IBOVESPA
63,2020-03-05,102233.0,IBOVESPA
64,2020-03-06,97997.0,IBOVESPA
65,2020-03-07,97997.0,IBOVESPA
66,2020-03-08,97997.0,IBOVESPA
67,2020-03-09,86067.0,IBOVESPA
68,2020-03-10,92214.0,IBOVESPA
69,2020-03-11,85171.0,IBOVESPA
70,2020-03-12,72583.0,IBOVESPA
71,2020-03-13,82678.0,IBOVESPA
72,2020-03-14,82678.0,IBOVESPA
73,2020-03-15,82678.0,IBOVESPA
74,2020-03-16,71168.0,IBOVESPA
75,2020-03-17,74617.0,IBOVESPA
76,2020-03-18,66895.0,IBOVESPA
77,2020-03-19,68332.0,IBOVESPA
78,2020-03-20,67069.0,IBOVESPA
79,2020-03-21,67069.0,IBOVESPA
80,2020-03-22,67069.0,IBOVESPA
81,2020-03-23,63570.0,IBOVESPA
82,2020-03-24,69729.0,IBOVESPA
83,2020-03-25,74956.0,IBOVESPA
84,2020-03-26,77710.0,IBOVESPA
85,2020-03-27,73429.0,IBOVESPA
86,2020-03-28,73429.0,IBOVESPA
87,2020-03-29,73429.0,IBOVESPA
88,2020-03-30,74640.0,IBOVESPA
89,2020-03-31,73020.0,IBOVESPA
90,2020-04-01,70967.0,IBOVESPA
91,2020-04-02,72253.0,IBOVESPA
92,2020-04-03,69538.0,IBOVESPA
93,2020-04-04,69538.0,IBOVESPA
94,2020-04-05,69538.0,IBOVESPA
95,2020-04-06,74073.0,IBOVESPA
96,2020-04-07,76358.0,IBOVESPA
97,2020-04-08,78625.0,IBOVESPA
98,2020-04-09,77682.0,IBOVESPA
99,2020-04-10,77682.0,IBOVESPA
100,2020-04-11,77682.0,IBOVESPA
101,2020-04-12,77682.0,IBOVESPA
102,2020-04-13,78836.0,IBOVESPA
103,2020-04-14,79918.0,IBOVESPA
104,2020-04-15,78831.0,IBOVESPA
105,2020-04-16,77812.0,IBOVESPA
106,2020-04-17,78990.0,IBOVESPA
107,2020-04-18,78990.0,IBOVESPA
108,2020-04-19,78990.0,IBOVESPA
109,2020-04-20,78973.0,IBOVESPA
110,2020-04-21,78973.0,IBOVESPA
111,2020-04-22,80687.0,IBOVESPA
112,2020-04-23,79673.0,IBOVESPA
113,2020-04-24,75331.0,IBOVESPA
114,2020-04-25,75331.0,IBOVESPA
115,2020-04-26,75331.0,IBOVESPA
116,2020-04-27,78239.0,IBOVESPA
117,2020-04-28,81312.0,IBOVESPA
118,2020-04-29,83171.0,IBOVESPA
119,2020-04-30,80506.0,IBOVESPA
120,2020-05-01,80506.0,IBOVESPA
121,2020-05-02,80506.0,IBOVESPA
122,2020-05-03,80506.0,IBOVESPA
123,2020-05-04,78876.0,IBOVESPA
124,2020-05-05,79471.0,IBOVESPA
125,2020-05-06,79064.0,IBOVESPA
126,2020-05-07,78119.0,IBOVESPA
127,2020-05-08,80263.0,IBOVESPA
128,2020-05-09,80263.0,IBOVESPA
129,2020-05-10,80263.0,IBOVESPA
130,2020-05-11,79065.0,IBOVESPA
131,2020-05-12,77872.0,IBOVESPA
132,2020-05-13,77772.0,IBOVESPA
133,2020-05-14,79011.0,IBOVESPA
134,2020-05-15,77557.0,IBOVESPA
135,2020-05-16,77557.0,IBOVESPA
136,2020-05-17,77557.0,IBOVESPA
137,2020-05-18,81194.0,IBOVESPA
138,2020-05-19,80742.0,IBOVESPA
139,2020-05-20,81319.0,IBOVESPA
140,2020-05-21,83027.0,IBOVESPA
141,2020-05-22,82173.0,IBOVESPA
142,2020-05-23,82173.0,IBOVESPA
143,2020-05-24,82173.0,IBOVESPA
144,2020-05-25,85663.0,IBOVESPA
145,2020-05-26,85469.0,IBOVESPA
146,2020-05-27,87946.0,IBOVESPA
147,2020-05-28,86949.0,IBOVESPA
148,2020-05-29,87403.0,IBOVESPA
149,2020-05-30,87403.0,IBOVESPA
150,2020-05-31,87403.0,IBOVESPA
151,2020-06-01,88620.0,IBOVESPA
152,2020-06-02,91046.0,IBOVESPA
153,2020-06-03,93002.0,IBOVESPA
154,2020-06-04,93829.0,IBOVESPA
155,2020-06-05,94637.0,IBOVESPA
156,2020-06-06,94637.0,IBOVESPA
157,2020-06-07,94637.0,IBOVESPA
158,2020-06-08,97645.0,IBOVESPA
159,2020-06-09,96747.0,IBOVESPA
160,2020-06-10,94686.0,IBOVESPA
161,2020-06-11,94686.0,IBOVESPA
162,2020-06-12,92795.0,IBOVESPA
163,2020-06-13,92795.0,IBOVESPA
164,2020-06-14,92795.0,IBOVESPA
165,2020-06-15,92376.0,IBOVESPA
166,2020-06-16,93531.0,IBOVESPA
167,2020-06-17,95547.0,IBOVESPA
168,2020-06-18,96125.0,IBOVESPA
169,2020-06-19,96572.0,IBOVESPA
170,2020-06-20,96572.0,IBOVESPA
171,2020-06-21,96572.0,IBOVESPA
172,2020-06-22,95336.0,IBOVESPA
173,2020-06-23,95975.0,IBOVESPA
174,2020-06-24,94377.0,IBOVESPA
175,2020-06-25,95983.0,IBOVESPA
176,2020-06-26,93834.0,IBOVESPA
177,2020-06-27,93834.0,IBOVESPA
178,2020-06-28,93834.0,IBOVESPA
179,2020-06-29,95735.0,IBOVESPA
180,2020-06-30,95056.0,IBOVESPA
181,2020-07-01,96203.0,IBOVESPA
182,2020-07-02,96235.0,IBOVESPA
183,2020-07-03,96765.0,IBOVESPA
184,2020-07-04,96765.0,IBOVESPA
185,2020-07-05,96765.0,IBOVESPA
186,2020-07-06,98937.0,IBOVESPA
187,2020-07-07,97761.0,IBOVESPA
188,2020-07-08,99770.0,IBOVESPA
189,2020-07-09,99160.0,IBOVESPA
190,2020-07-10,100032.0,IBOVESPA
191,2020-07-11,100032.0,IBOVESPA
192,2020-07-12,100032.0,IBOVESPA
193,2020-07-13,98697.0,IBOVESPA
194,2020-07-14,100440.0,IBOVESPA
195,2020-07-15,101791.0,IBOVESPA
196,2020-07-16,100553.0,IBOVESPA
197,2020-07-17,102888.0,IBOVESPA
198,2020-07-18,102888.0,IBOVESPA
199,2020-07-19,102888.0,IBOVESPA
200,2020-07-20,104426.0,IBOVESPA
201,2020-07-21,104310.0,IBOVESPA
202,2020-07-22,104290.0,IBOVESPA
203,2020-07-23,102293.0,IBOVESPA
204,2020-07-24,102382.0,IBOVESPA
205,2020-07-25,102382.0,IBOVESPA
206,2020-07-26,102382.0,IBOVESPA
207,2020-07-27,104477.0,IBOVESPA
208,2020-07-28,104109.0,IBOVESPA
209,2020-07-29,105605.0,IBOVESPA
210,2020-07-30,105009.0,IBOVESPA
211,2020-07-31,102912.0,IBOVESPA
212,2020-08-01,102912.0,IBOVESPA
213,2020-08-02,102912.0,IBOVESPA
214,2020-08-03,102830.0,IBOVESPA
215,2020-08-04,101216.0,IBOVESPA
216,2020-08-05,102802.0,IBOVESPA
217,2020-08-06,104126.0,IBOVESPA
218,2020-08-07,102776.0,IBOVESPA
219,2020-08-08,102776.0,IBOVESPA
220,2020-08-09,102776.0,IBOVESPA
221,2020-08-10,103444.0,IBOVESPA
222,2020-08-11,102174.0,IBOVESPA
223,2020-08-12,102118.0,IBOVESPA
224,2020-08-13,100461.0,IBOVESPA
225,2020-08-14,101353.0,IBOVESPA
226,2020-08-15,101353.0,IBOVESPA
227,2020-08-16,101353.0,IBOVESPA
228,2020-08-17,99595.0,IBOVESPA
229,2020-08-18,102065.0,IBOVESPA
230,2020-08-19,100854.0,IBOVESPA
231,2020-08-20,101468.0,IBOVESPA
232,2020-08-21,101521.0,IBOVESPA
233,2020-08-22,101521.0,IBOVESPA
234,2020-08-23,101521.0,IBOVESPA
235,2020-08-24,102298.0,IBOVESPA
236,2020-08-25,102118.0,IBOVESPA
237,2020-08-26,100627.0,IBOVESPA
238,2020-08-27,100624.0,IBOVESPA
239,2020-08-28,102143.0,IBOVESPA
240,2020-08-29,102143.0,IBOVESPA
241,2020-08-30,102143.0,IBOVESPA
242,2020-08-31,99369.0,IBOVESPA
243,2020-09-01,102168.0,IBOVESPA
244,2020-09-02,101911.0,IBOVESPA
245,2020-09-03,100721.0,IBOVESPA
246,2020-09-04,101242.0,IBOVESPA
247,2020-09-05,101242.0,IBOVESPA
248,2020-09-06,101242.0,IBOVESPA
249,2020-09-07,101242.0,IBOVESPA
250,2020-09-08,100050.0,IBOVESPA
251,2020-09-09,101292.0,IBOVESPA
252,2020-09-10,98835.0,IBOVESPA
253,2020-09-11,98363.0,IBOVESPA
254,2020-09-12,98363.0,IBOVESPA
255,2020-09-13,98363.0,IBOVESPA
256,2020-09-14,100275.0,IBOVESPA
257,2020-09-15,100298.0,IBOVESPA
258,2020-09-16,99676.0,IBOVESPA
259,2020-09-17,100098.0,IBOVESPA
260,2020-09-18,98290.0,IBOVESPA
261,2020-09-19,98290.0,IBOVESPA
262,2020-09-20,98290.0,IBOVESPA
263,2020-09-21,96991.0,IBOVESPA
264,2020-09-22,97294.0,IBOVESPA
265,2020-09-23,95735.0,IBOVESPA
266,2020-09-24,97012.0,IBOVESPA
267,2020-09-25,96999.0,IBOVESPA
268,2020-09-26,96999.0,IBOVESPA
269,2020-09-27,96999.0,IBOVESPA
270,2020-09-28,94666.0,IBOVESPA
271,2020-09-29,93580.0,IBOVESPA
272,2020-09-30,94603.0,IBOVESPA
273,2020-10-01,95479.0,IBOVESPA
274,2020-10-02,94016.0,IBOVESPA
275,2020-10-03,94016.0,IBOVESPA
276,2020-10-04,94016.0,IBOVESPA
277,2020-10-05,96089.0,IBOVESPA
278,2020-10-06,95615.0,IBOVESPA
279,2020-10-07,95526.0,IBOVESPA
280,2020-10-08,97920.0,IBOVESPA
281,2020-10-09,97483.0,IBOVESPA
282,2020-10-10,97483.0,IBOVESPA
283,2020-10-11,97483.0,IBOVESPA
284,2020-10-12,97483.0,IBOVESPA
285,2020-10-13,98503.0,IBOVESPA
286,2020-10-14,99334.0,IBOVESPA
287,2020-10-15,99054.0,IBOVESPA
288,2020-10-16,98309.0,IBOVESPA
289,2020-10-17,98309.0,IBOVESPA
290,2020-10-18,98309.0,IBOVESPA
291,2020-10-19,98658.0,IBOVESPA
292,2020-10-20,100540.0,IBOVESPA
293,2020-10-21,100552.0,IBOVESPA
294,2020-10-22,101918.0,IBOVESPA
295,2020-10-23,101260.0,IBOVESPA
296,2020-10-24,101260.0,IBOVESPA
297,2020-10-25,101260.0,IBOVESPA
298,2020-10-26,101017.0,IBOVESPA
299,2020-10-27,99606.0,IBOVESPA
300,2020-10-28,95369.0,IBOVESPA
301,2020-10-29,96582.0,IBOVESPA
302,2020-10-30,93952.0,IBOVESPA
303,2020-10-31,93952.0,IBOVESPA
304,2020-11-01,93952.0,IBOVESPA
305,2020-11-02,93952.0,IBOVESPA
306,2020-11-03,95587.0,IBOVESPA
307,2020-11-04,97811.0,IBOVESPA
308,2020-11-05,100774.0,IBOVESPA
309,2020-11-06,100799.0,IBOVESPA
310,2020-11-07,100799.0,IBOVESPA
311,2020-11-08,100799.0,IBOVESPA
312,2020-11-09,103913.0,IBOVESPA
313,2020-11-10,105351.0,IBOVESPA
314,2020-11-11,104532.0,IBOVESPA
315,2020-11-12,102175.0,IBOVESPA
316,2020-11-13,104512.0,IBOVESPA
317,2020-11-14,104512.0,IBOVESPA
318,2020-11-15,104512.0,IBOVESPA
319,2020-11-16,106430.0,IBOVESPA
320,2020-11-17,107229.0,IBOVESPA
321,2020-11-18,106483.0,IBOVESPA
322,2020-11-19,106517.0,IBOVESPA
323,2020-11-20,106517.0,IBOVESPA
324,2020-11-21,106517.0,IBOVESPA
325,2020-11-22,106517.0,IBOVESPA
326,2020-11-23,107379.0,IBOVESPA
327,2020-11-24,109786.0,IBOVESPA
328,2020-11-25,110133.0,IBOVESPA
329,2020-11-26,110227.0,IBOVESPA
330,2020-11-27,110575.0,IBOVESPA
331,2020-11-28,110575.0,IBOVESPA
332,2020-11-29,110575.0,IBOVESPA
333,2020-11-30,108888.0,IBOVESPA
334,2020-12-01,111335.0,IBOVESPA
335,2020-12-02,111814.0,IBOVESPA
336,2020-12-03,112919.0,IBOVESPA
337,2020-12-04,113682.0,IBOVESPA
338,2020-12-05,113682.0,IBOVESPA
339,2020-12-06,113682.0,IBOVESPA
340,2020-12-07,113625.0,IBOVESPA
341,2020-12-08,113571.0,IBOVESPA
342,2020-12-09,112722.0,IBOVESPA
343,2020-12-10,114992.0,IBOVESPA
344,2020-12-11,115323.0,IBOVESPA
345,2020-12-12,115323.0,IBOVESPA
346,2020-12-13,115323.0,IBOVESPA
347,2020-12-14,114975.0,IBOVESPA
348,2020-12-15,116146.0,IBOVESPA
349,2020-12-16,117947.0,IBOVESPA
350,2020-12-17,118157.0,IBOVESPA
351,2020-12-18,117679.0,IBOVESPA
352,2020-12-19,117679.0,IBOVESPA
353,2020-12-20,117679.0,IBOVESPA
354,2020-12-21,116016.0,IBOVESPA
355,2020-12-22,116348.0,IBOVESPA
356,2020-12-23,117857.0,IBOVESPA
357,2020-12-24,117857.0,IBOVESPA
358,2020-12-25,117857.0,IBOVESPA
359,2020-12-26,117857.0,IBOVESPA
360,2020-12-27,117857.0,IBOVESPA
361,2020-12-28,119051.0,IBOVESPA
362,2020-12-29,119475.0,IBOVESPA
363,2020-12-30,119306.0,IBOVESPA
364,2020-12-31,119306.0,IBOVESPA
365,2021-01-01,119306.0,IBOVESPA
366,2021-01-02,119306.0,IBOVESPA
367,2021-01-03,119306.0,IBOVESPA
368,2021-01-04,118558.0,IBOVESPA
369,2021-01-05,119223.0,IBOVESPA
370,2021-01-06,119851.0,IBOVESPA
371,2021-01-07,121956.0,IBOVESPA
372,2021-01-08,125077.0,IBOVESPA
373,2021-01-09,125077.0,IBOVESPA
374,2021-01-10,125077.0,IBOVESPA
375,2021-01-11,122807.0,IBOVESPA
376,2021-01-12,123998.0,IBOVESPA
377,2021-01-13,122040.0,IBOVESPA
378,2021-01-14,123481.0,IBOVESPA
379,2021-01-15,120502.0,IBOVESPA
380,2021-01-16,120502.0,IBOVESPA
381,2021-01-17,120502.0,IBOVESPA
382,2021-01-18,121242.0,IBOVESPA
383,2021-01-19,120673.0,IBOVESPA
384,2021-01-20,119708.0,IBOVESPA
385,2021-01-21,118443.0,IBOVESPA
386,2021-01-22,117172.0,IBOVESPA
387,2021-01-23,117172.0,IBOVESPA
388,2021-01-24,117172.0,IBOVESPA
389,2021-01-25,117172.0,IBOVESPA
390,2021-01-26,116464.0,IBOVESPA
391,2021-01-27,115882.0,IBOVESPA
392,2021-01-28,119314.0,IBOVESPA
393,2021-01-29,116007.0,IBOVESPA
394,2021-01-30,116007.0,IBOVESPA
395,2021-01-31,116007.0,IBOVESPA
396,2021-02-01,117365.0,IBOVESPA
397,2021-02-02,118234.0,IBOVESPA
398,2021-02-03,119725.0,IBOVESPA
399,2021-02-04,119261.0,IBOVESPA
400,2021-02-05,119925.0,IBOVESPA
401,2021-02-06,119925.0,IBOVESPA
402,2021-02-07,119925.0,IBOVESPA
403,2021-02-08,119516.0,IBOVESPA
404,2021-02-09,119429.0,IBOVESPA
405,2021-02-10,118430.0,IBOVESPA
406,2021-02-11,119235.0,IBOVESPA
407,2021-02-12,119116.0,IBOVESPA
408,2021-02-13,119116.0,IBOVESPA
409,2021-02-14,119116.0,IBOVESPA
410,2021-02-15,119116.0,IBOVESPA
411,2021-02-16,119116.0,IBOVESPA
412,2021-02-17,120391.0,IBOVESPA
413,2021-02-18,119140.0,IBOVESPA
414,2021-02-19,118748.0,IBOVESPA
415,2021-02-20,118748.0,IBOVESPA
416,2021-02-21,118748.0,IBOVESPA
417,2021-02-22,112668.0,IBOVESPA
418,2021-02-23,115227.0,IBOVESPA
419,2021-02-24,115668.0,IBOVESPA
420,2021-02-25,112256.0,IBOVESPA
421,2021-02-26,110035.0,IBOVESPA
422,2021-02-27,110035.0,IBOVESPA
423,2021-02-28,110035.0,IBOVESPA
424,2021-03-01,110335.0,IBOVESPA
425,2021-03-02,111540.0,IBOVESPA
426,2021-03-03,111184.0,IBOVESPA
427,2021-03-04,112690.0,IBOVESPA
428,2021-03-05,115202.0,IBOVESPA
429,2021-03-06,115202.0,IBOVESPA
430,2021-03-07,115202.0,IBOVESPA
431,2021-03-08,110612.0,IBOVESPA
432,2021-03-09,111331.0,IBOVESPA
433,2021-03-10,112776.0,IBOVESPA
434,2021-03-11,114984.0,IBOVESPA
435,2021-03-12,114160.0,IBOVESPA
436,2021-03-13,114160.0,IBOVESPA
437,2021-03-14,114160.0,IBOVESPA
438,2021-03-15,114851.0,IBOVESPA
439,2021-03-16,114019.0,IBOVESPA
440,2021-03-17,116549.0,IBOVESPA
441,2021-03-18,114835.0,IBOVESPA
442,2021-03-19,116222.0,IBOVESPA
443,2021-03-20,116222.0,IBOVESPA
444,2021-03-21,116222.0,IBOVESPA
445,2021-03-22,114979.0,IBOVESPA
446,2021-03-23,113262.0,IBOVESPA
447,2021-03-24,112064.0,IBOVESPA
448,2021-03-25,113750.0,IBOVESPA
449,2021-03-26,114781.0,IBOVESPA
450,2021-03-27,114781.0,IBOVESPA
451,2021-03-28,114781.0,IBOVESPA
452,2021-03-29,115419.0,IBOVESPA
453,2021-03-30,116850.0,IBOVESPA
454,2021-03-31,116634.0,IBOVESPA
455,2021-04-01,115253.0,IBOVESPA
456,2021-04-02,115253.0,IBOVESPA
457,2021-04-03,115253.0,IBOVESPA
458,2021-04-04,115253.0,IBOVESPA
459,2021-04-05,117518.0,IBOVESPA
460,2021-04-06,117499.0,IBOVESPA
461,2021-04-07,117624.0,IBOVESPA
462,2021-04-08,118313.0,IBOVESPA
463,2021-04-09,117670.0,IBOVESPA
464,2021-04-10,117670.0,IBOVESPA
465,2021-04-11,117670.0,IBOVESPA
466,2021-04-12,118812.0,IBOVESPA
467,2021-04-13,119297.0,IBOVESPA
468,2021-04-14,120295.0,IBOVESPA
469,2021-04-15,120701.0,IBOVESPA
470,2021-04-16,121114.0,IBOVESPA
471,2021-04-17,121114.0,IBOVESPA
472,2021-04-18,121114.0,IBOVESPA
473,2021-04-19,120934.0,IBOVESPA
474,2021-04-20,120062.0,IBOVESPA
475,2021-04-21,120062.0,IBOVESPA
476,2021-04-22,119371.0,IBOVESPA
477,2021-04-23,120530.0,IBOVESPA
478,2021-04-24,120530.0,IBOVESPA
479,2021-04-25,120530.0,IBOVESPA
480,2021-04-26,120595.0,IBOVESPA
481,2021-04-27,119388.0,IBOVESPA
482,2021-04-28,121053.0,IBOVESPA
483,2021-04-29,120066.0,IBOVESPA
484,2021-04-30,118894.0,IBOVESPA
485,2021-05-01,118894.0,IBOVESPA
486,2021-05-02,118894.0,IBOVESPA
487,2021-05-03,119209.0,IBOVESPA
488,2021-05-04,117712.0,IBOVESPA
489,2021-05-05,119564.0,IBOVESPA
490,2021-05-06,119921.0,IBOVESPA
491,2021-05-07,122038.0,IBOVESPA
492,2021-05-08,122038.0,IBOVESPA
493,2021-05-09,122038.0,IBOVESPA
494,2021-05-10,121909.0,IBOVESPA
495,2021-05-11,122964.0,IBOVESPA
496,2021-05-12,119710.0,IBOVESPA
497,2021-05-13,120706.0,IBOVESPA
498,2021-05-14,121881.0,IBOVESPA
499,2021-05-15,121881.0,IBOVESPA
500,2021-05-16,121881.0,IBOVESPA
501,2021-05-17,122938.0,IBOVESPA
502,2021-05-18,122980.0,IBOVESPA
503,2021-05-19,122636.0,IBOVESPA
504,2021-05-20,122701.0,IBOVESPA
505,2021-05-21,122592.0,IBOVESPA
506,2021-05-22,122592.0,IBOVESPA
507,2021-05-23,122592.0,IBOVESPA
508,2021-05-24,124032.0,IBOVESPA
509,2021-05-25,122988.0,IBOVESPA
510,2021-05-26,123989.0,IBOVESPA
511,2021-05-27,124367.0,IBOVESPA
512,2021-05-28,125561.0,IBOVESPA
513,2021-05-29,125561.0,IBOVESPA
514,2021-05-30,125561.0,IBOVESPA
515,2021-05-31,126216.0,IBOVESPA
516,2021-06-01,128267.0,IBOVESPA
517,2021-06-02,129601.0,IBOVESPA
518,2021-06-03,129601.0,IBOVESPA
519,2021-06-04,130126.0,IBOVESPA
520,2021-06-05,130126.0,IBOVESPA
521,2021-06-06,130126.0,IBOVESPA
522,2021-06-07,130776.0,IBOVESPA
523,2021-06-08,129787.0,IBOVESPA
524,2021-06-09,129907.0,IBOVESPA
525,2021-06-10,130076.0,IBOVESPA
526,2021-06-11,129441.0,IBOVESPA
527,2021-06-12,129441.0,IBOVESPA
528,2021-06-13,129441.0,IBOVESPA
529,2021-06-14,130208.0,IBOVESPA
530,2021-06-15,130091.0,IBOVESPA
531,2021-06-16,129259.0,IBOVESPA
532,2021-06-17,128057.0,IBOVESPA
533,2021-06-18,128405.0,IBOVESPA
534,2021-06-19,128405.0,IBOVESPA
535,2021-06-20,128405.0,IBOVESPA
536,2021-06-21,129265.0,IBOVESPA
537,2021-06-22,128767.0,IBOVESPA
538,2021-06-23,128428.0,IBOVESPA
539,2021-06-24,129514.0,IBOVESPA
540,2021-06-25,127256.0,IBOVESPA
541,2021-06-26,127256.0,IBOVESPA
542,2021-06-27,127256.0,IBOVESPA
543,2021-06-28,127429.0,IBOVESPA
544,2021-06-29,127327.0,IBOVESPA
545,2021-06-30,126802.0,IBOVESPA
546,2021-07-01,125666.0,IBOVESPA
547,2021-07-02,127622.0,IBOVESPA
548,2021-07-03,127622.0,IBOVESPA
549,2021-07-04,127622.0,IBOVESPA
550,2021-07-05,126920.0,IBOVESPA
551,2021-07-06,125095.0,IBOVESPA
552,2021-07-07,127019.0,IBOVESPA
553,2021-07-08,125428.0,IBOVESPA
554,2021-07-09,125428.0,IBOVESPA
555,2021-07-10,125428.0,IBOVESPA
556,2021-07-11,125428.0,IBOVESPA
557,2021-07-12,127594.0,IBOVESPA
558,2021-07-13,128168.0,IBOVESPA
559,2021-07-14,128407.0,IBOVESPA
560,2021-07-15,127468.0,IBOVESPA
561,2021-07-16,125960.0,IBOVESPA
562,2021-07-17,125960.0,IBOVESPA
563,2021-07-18,125960.0,IBOVESPA
564,2021-07-19,124395.0,IBOVESPA
565,2021-07-20,125401.0,IBOVESPA
566,2021-07-21,125929.0,IBOVESPA
567,2021-07-22,126147.0,IBOVESPA
568,2021-07-23,125053.0,IBOVESPA
569,2021-07-24,125053.0,IBOVESPA
570,2021-07-25,125053.0,IBOVESPA
571,2021-07-26,126004.0,IBOVESPA
572,2021-07-27,124612.0,IBOVESPA
573,2021-07-28,126286.0,IBOVESPA
574,2021-07-29,125675.0,IBOVESPA
575,2021-07-30,121801.0,IBOVESPA
576,2021-07-31,121801.0,IBOVESPA
577,2021-08-01,121801.0,IBOVESPA
578,2021-08-02,122516.0,IBOVESPA
579,2021-08-03,123577.0,IBOVESPA
580,2021-08-04,121801.0,IBOVESPA
581,2021-08-05,121633.0,IBOVESPA
582,2021-08-06,122810.0,IBOVESPA
583,2021-08-07,122810.0,IBOVESPA
584,2021-08-08,122810.0,IBOVESPA
585,2021-08-09,123019.0,IBOVESPA
586,2021-08-10,122202.0,IBOVESPA
587,2021-08-11,122056.0,IBOVESPA
588,2021-08-12,120701.0,IBOVESPA
589,2021-08-13,121194.0,IBOVESPA
590,2021-08-14,121194.0,IBOVESPA
591,2021-08-15,121194.0,IBOVESPA
592,2021-08-16,119180.0,IBOVESPA
593,2021-08-17,117904.0,IBOVESPA
594,2021-08-18,116643.0,IBOVESPA
595,2021-08-19,117165.0,IBOVESPA
596,2021-08-20,118053.0,IBOVESPA
597,2021-08-21,118053.0,IBOVESPA
598,2021-08-22,118053.0,IBOVESPA
599,2021-08-23,117472.0,IBOVESPA
600,2021-08-24,120211.0,IBOVESPA
601,2021-08-25,120818.0,IBOVESPA
602,2021-08-26,118724.0,IBOVESPA
603,2021-08-27,120678.0,IBOVESPA
604,2021-08-28,120678.0,IBOVESPA
605,2021-08-29,120678.0,IBOVESPA
606,2021-08-30,119740.0,IBOVESPA
607,2021-08-31,118781.0,IBOVESPA
608,2021-09-01,119396.0,IBOVESPA
609,2021-09-02,116677.0,IBOVESPA
610,2021-09-03,116933.0,IBOVESPA
611,2021-09-04,116933.0,IBOVESPA
612,2021-09-05,116933.0,IBOVESPA
613,2021-09-06,117869.0,IBOVESPA
614,2021-09-07,117869.0,IBOVESPA
615,2021-09-08,113413.0,IBOVESPA
616,2021-09-09,115361.0,IBOVESPA
617,2021-09-10,114286.0,IBOVESPA
618,2021-09-11,114286.0,IBOVESPA
619,2021-09-12,114286.0,IBOVESPA
620,2021-09-13,116404.0,IBOVESPA
621,2021-09-14,116181.0,IBOVESPA
622,2021-09-15,115063.0,IBOVESPA
623,2021-09-16,113794.0,IBOVESPA
624,2021-09-17,111439.0,IBOVESPA
625,2021-09-18,111439.0,IBOVESPA
626,2021-09-19,111439.0,IBOVESPA
627,2021-09-20,108844.0,IBOVESPA
628,2021-09-21,110250.0,IBOVESPA
629,2021-09-22,112282.0,IBOVESPA
630,2021-09-23,114064.0,IBOVESPA
631,2021-09-24,113283.0,IBOVESPA
632,2021-09-25,113283.0,IBOVESPA
633,2021-09-26,113283.0,IBOVESPA
634,2021-09-27,113583.0,IBOVESPA
635,2021-09-28,110124.0,IBOVESPA
636,2021-09-29,111107.0,IBOVESPA
637,2021-09-30,110979.0,IBOVESPA
638,2021-10-01,112900.0,IBOVESPA
639,2021-10-02,112900.0,IBOVESPA
640,2021-10-03,112900.0,IBOVESPA
641,2021-10-04,110393.0,IBOVESPA
642,2021-10-05,110458.0,IBOVESPA
643,2021-10-06,110560.0,IBOVESPA
644,2021-10-07,110585.0,IBOVESPA
645,2021-10-08,112833.0,IBOVESPA
646,2021-10-09,112833.0,IBOVESPA
647,2021-10-10,112833.0,IBOVESPA
648,2021-10-11,112180.0,IBOVESPA
649,2021-10-12,112180.0,IBOVESPA
650,2021-10-13,113456.0,IBOVESPA
651,2021-10-14,113185.0,IBOVESPA
652,2021-10-15,114648.0,IBOVESPA
653,2021-10-16,114648.0,IBOVESPA
654,2021-10-17,114648.0,IBOVESPA
655,2021-10-18,114428.0,IBOVESPA
656,2021-10-19,110673.0,IBOVESPA
657,2021-10-20,110786.0,IBOVESPA
658,2021-10-21,107735.0,IBOVESPA
659,2021-10-22,106296.0,IBOVESPA
660,2021-10-23,106296.0,IBOVESPA
661,2021-10-24,106296.0,IBOVESPA
662,2021-10-25,108715.0,IBOVESPA
663,2021-10-26,106420.0,IBOVESPA
664,2021-10-27,106363.0,IBOVESPA
665,2021-10-28,105705.0,IBOVESPA
666,2021-10-29,103501.0,IBOVESPA
667,2021-10-30,103501.0,IBOVESPA
668,2021-10-31,103501.0,IBOVESPA
669,2021-11-01,105551.0,IBOVESPA
670,2021-11-02,105551.0,IBOVESPA
671,2021-11-03,105617.0,IBOVESPA
672,2021-11-04,103412.0,IBOVESPA
673,2021-11-05,104824.0,IBOVESPA
674,2021-11-06,104824.0,IBOVESPA
675,2021-11-07,104824.0,IBOVESPA
676,2021-11-08,104781.0,IBOVESPA
677,2021-11-09,105535.0,IBOVESPA
678,2021-11-10,105968.0,IBOVESPA
679,2021-11-11,107725.0,IBOVESPA
680,2021-11-12,106312.0,IBOVESPA
681,2021-11-13,106312.0,IBOVESPA
682,2021-11-14,106312.0,IBOVESPA
683,2021-11-15,106312.0,IBOVESPA
684,2021-11-16,104508.0,IBOVESPA
685,2021-11-17,102945.0,IBOVESPA
686,2021-11-18,102524.0,IBOVESPA
687,2021-11-19,103035.0,IBOVESPA
688,2021-11-20,103035.0,IBOVESPA
689,2021-11-21,103035.0,IBOVESPA
690,2021-11-22,102122.0,IBOVESPA
691,2021-11-23,103663.0,IBOVESPA
692,2021-11-24,104514.0,IBOVESPA
693,2021-11-25,105811.0,IBOVESPA
694,2021-11-26,102224.0,IBOVESPA
695,2021-11-27,102224.0,IBOVESPA
696,2021-11-28,102224.0,IBOVESPA
697,2021-11-29,102814.0,IBOVESPA
698,2021-11-30,101915.0,IBOVESPA
699,2021-12-01,100775.0,IBOVESPA
700,2021-12-02,104466.0,IBOVESPA
701,2021-12-03,105070.0,IBOVESPA
702,2021-12-04,105070.0,IBOVESPA
703,2021-12-05,105070.0,IBOVESPA
704,2021-12-06,106859.0,IBOVESPA
705,2021-12-07,107558.0,IBOVESPA
706,2021-12-08,108096.0,IBOVESPA
707,2021-12-09,106291.0,IBOVESPA
708,2021-12-10,107758.0,IBOVESPA
709,2021-12-11,107758.0,IBOVESPA
710,2021-12-12,107758.0,IBOVESPA
711,2021-12-13,107383.0,IBOVESPA
712,2021-12-14,106760.0,IBOVESPA
713,2021-12-15,107370.0,IBOVESPA
714,2021-12-16,108212.0,IBOVESPA
715,2021-12-17,107201.0,IBOVESPA
716,2021-12-18,107201.0,IBOVESPA
717,2021-12-19,107201.0,IBOVESPA
718,2021-12-20,105020.0,IBOVESPA
719,2021-12-21,105500.0,IBOVESPA
720,2021-12-22,105244.0,IBOVESPA
721,2021-12-23,104891.0,IBOVESPA
722,2021-12-24,104891.0,IBOVESPA
723,2021-12-25,104891.0,IBOVESPA
724,2021-12-26,104891.0,IBOVESPA
725,2021-12-27,105531.0,IBOVESPA
726,2021-12-28,104864.0,IBOVESPA
727,2021-12-29,104107.0,IBOVESPA
728,2021-12-30,104822.0,IBOVESPA
729,2021-12-31,104822.0,IBOVESPA
730,2022-01-01,104822.0,IBOVESPA
731,2022-01-02,104822.0,IBOVESPA
732,2022-01-03,103922.0,IBOVESPA
733,2022-01-04,103514.0,IBOVESPA
734,2022-01-05,101006.0,IBOVESPA
735,2022-01-06,101561.0,IBOVESPA
736,2022-01-07,102719.0,IBOVESPA
737,2022-01-08,102719.0,IBOVESPA
738,2022-01-09,102719.0,IBOVESPA
739,2022-01-10,101945.0,IBOVESPA
740,2022-01-11,103779.0,IBOVESPA
741,2022-01-12,105686.0,IBOVESPA
742,2022-01-13,105530.0,IBOVESPA
743,2022-01-14,106928.0,IBOVESPA
744,2022-01-15,106928.0,IBOVESPA
745,2022-01-16,106928.0,IBOVESPA
746,2022-01-17,106692.0,IBOVESPA
747,2022-01-18,106522.0,IBOVESPA
748,2022-01-19,108013.0,IBOVESPA
749,2022-01-20,109102.0,IBOVESPA
750,2022-01-21,108942.0,IBOVESPA
751,2022-01-22,108942.0,IBOVESPA
752,2022-01-23,108942.0,IBOVESPA
753,2022-01-24,107752.0,IBOVESPA
754,2022-01-25,109845.0,IBOVESPA
755,2022-01-26,111573.0,IBOVESPA
756,2022-01-27,112315.0,IBOVESPA
757,2022-01-28,111478.0,IBOVESPA
758,2022-01-29,111478.0,IBOVESPA
759,2022-01-30,111478.0,IBOVESPA
760,2022-01-31,112388.0,IBOVESPA
761,2022-02-01,113147.0,IBOVESPA
762,2022-02-02,112161.0,IBOVESPA
763,2022-02-03,111696.0,IBOVESPA
764,2022-02-04,112245.0,IBOVESPA
765,2022-02-05,112245.0,IBOVESPA
766,2022-02-06,112245.0,IBOVESPA
767,2022-02-07,111996.0,IBOVESPA
768,2022-02-08,112234.0,IBOVESPA
769,2022-02-09,112461.0,IBOVESPA
770,2022-02-10,113359.0,IBOVESPA
771,2022-02-11,113572.0,IBOVESPA
772,2022-02-12,113572.0,IBOVESPA
773,2022-02-13,113572.0,IBOVESPA
774,2022-02-14,113807.0,IBOVESPA
775,2022-02-15,114660.0,IBOVESPA
776,2022-02-16,115181.0,IBOVESPA
777,2022-02-17,113528.0,IBOVESPA
778,2022-02-18,112768.0,IBOVESPA
779,2022-02-19,112768.0,IBOVESPA
780,2022-02-20,112768.0,IBOVESPA
781,2022-02-21,111725.0,IBOVESPA
782,2022-02-22,112892.0,IBOVESPA
783,2022-02-23,112008.0,IBOVESPA
784,2022-02-24,111592.0,IBOVESPA
785,2022-02-25,113142.0,IBOVESPA
786,2022-02-26,113142.0,IBOVESPA
787,2022-02-27,113142.0,IBOVESPA
788,2022-02-28,113142.0,IBOVESPA
789,2022-03-01,113142.0,IBOVESPA
790,2022-03-02,115174.0,IBOVESPA
791,2022-03-03,115166.0,IBOVESPA
792,2022-03-04,114474.0,IBOVESPA
793,2022-03-05,114474.0,IBOVESPA
794,2022-03-06,114474.0,IBOVESPA
795,2022-03-07,111593.0,IBOVESPA
796,2022-03-08,111203.0,IBOVESPA
797,2022-03-09,113900.0,IBOVESPA
798,2022-03-10,113663.0,IBOVESPA
799,2022-03-11,111713.0,IBOVESPA
800,2022-03-12,111713.0,IBOVESPA
801,2022-03-13,111713.0,IBOVESPA
802,2022-03-14,109928.0,IBOVESPA
803,2022-03-15,108959.0,IBOVESPA
804,2022-03-16,111112.0,IBOVESPA
805,2022-03-17,113076.0,IBOVESPA
806,2022-03-18,115311.0,IBOVESPA
807,2022-03-19,115311.0,IBOVESPA
808,2022-03-20,115311.0,IBOVESPA
809,2022-03-21,116155.0,IBOVESPA
810,2022-03-22,117272.0,IBOVESPA
811,2022-03-23,117457.0,IBOVESPA
812,2022-03-24,119053.0,IBOVESPA
813,2022-03-25,119081.0,IBOVESPA
814,2022-03-26,119081.0,IBOVESPA
815,2022-03-27,119081.0,IBOVESPA
816,2022-03-28,118738.0,IBOVESPA
817,2022-03-29,120014.0,IBOVESPA
818,2022-03-30,120260.0,IBOVESPA
819,2022-03-31,119999.0,IBOVESPA
820,2022-04-01,121570.0,IBOVESPA
821,2022-04-02,121570.0,IBOVESPA
822,2022-04-03,121570.0,IBOVESPA
823,2022-04-04,121280.0,IBOVESPA
824,2022-04-05,118885.0,IBOVESPA
825,2022-04-06,118228.0,IBOVESPA
826,2022-04-07,118862.0,IBOVESPA
827,2022-04-08,118322.0,IBOVESPA
828,2022-04-09,118322.0,IBOVESPA
829,2022-04-10,118322.0,IBOVESPA
830,2022-04-11,116953.0,IBOVESPA
831,2022-04-12,116147.0,IBOVESPA
832,2022-04-13,116782.0,IBOVESPA
833,2022-04-14,116182.0,IBOVESPA
834,2022-04-15,116182.0,IBOVESPA
835,2022-04-16,116182.0,IBOVESPA
836,2022-04-17,116182.0,IBOVESPA
837,2022-04-18,115687.0,IBOVESPA
838,2022-04-19,115057.0,IBOVESPA
839,2022-04-20,114344.0,IBOVESPA
840,2022-04-21,114344.0,IBOVESPA
841,2022-04-22,111078.0,IBOVESPA
842,2022-04-23,111078.0,IBOVESPA
843,2022-04-24,111078.0,IBOVESPA
844,2022-04-25,110685.0,IBOVESPA
845,2022-04-26,108213.0,IBOVESPA
846,2022-04-27,109349.0,IBOVESPA
847,2022-04-28,109919.0,IBOVESPA
848,2022-04-29,107876.0,IBOVESPA
849,2022-04-30,107876.0,IBOVESPA
850,2022-05-01,107876.0,IBOVESPA
851,2022-05-02,106639.0,IBOVESPA
852,2022-05-03,106528.0,IBOVESPA
853,2022-05-04,108344.0,IBOVESPA
854,2022-05-05,105304.0,IBOVESPA
855,2022-05-06,105135.0,IBOVESPA
856,2022-05-07,105135.0,IBOVESPA
857,2022-05-08,105135.0,IBOVESPA
858,2022-05-09,103250.0,IBOVESPA
859,2022-05-10,103110.0,IBOVESPA
860,2022-05-11,104397.0,IBOVESPA
861,2022-05-12,105688.0,IBOVESPA
862,2022-05-13,106924.0,IBOVESPA
863,2022-05-14,106924.0,IBOVESPA
864,2022-05-15,106924.0,IBOVESPA
865,2022-05-16,108233.0,IBOVESPA
866,2022-05-17,108789.0,IBOVESPA
867,2022-05-18,106247.0,IBOVESPA
868,2022-05-19,107005.0,IBOVESPA
869,2022-05-20,108488.0,IBOVESPA
870,2022-05-21,108488.0,IBOVESPA
871,2022-05-22,108488.0,IBOVESPA
872,2022-05-23,110346.0,IBOVESPA
873,2022-05-24,110581.0,IBOVESPA
874,2022-05-25,110580.0,IBOVESPA
875,2022-05-26,111890.0,IBOVESPA
876,2022-05-27,111942.0,IBOVESPA
877,2022-05-28,111942.0,IBOVESPA
878,2022-05-29,111942.0,IBOVESPA
879,2022-05-30,111032.0,IBOVESPA
880,2022-05-31,111351.0,IBOVESPA
881,2022-06-01,111360.0,IBOVESPA
882,2022-06-02,112393.0,IBOVESPA
883,2022-06-03,111102.0,IBOVESPA
884,2022-06-04,111102.0,IBOVESPA
885,2022-06-05,111102.0,IBOVESPA
886,2022-06-06,110186.0,IBOVESPA
887,2022-06-07,110070.0,IBOVESPA
888,2022-06-08,108368.0,IBOVESPA
889,2022-06-09,107094.0,IBOVESPA
890,2022-06-10,105481.0,IBOVESPA
891,2022-06-11,105481.0,IBOVESPA
892,2022-06-12,105481.0,IBOVESPA
893,2022-06-13,102598.0,IBOVESPA
894,2022-06-14,102063.0,IBOVESPA
895,2022-06-15,102807.0,IBOVESPA
896,2022-06-16,102807.0,IBOVESPA
897,2022-06-17,99825.0,IBOVESPA
898,2022-06-18,99825.0,IBOVESPA
899,2022-06-19,99825.0,IBOVESPA
900,2022-06-20,99853.0,IBOVESPA
901,2022-06-21,99685.0,IBOVESPA
902,2022-06-22,99522.0,IBOVESPA
903,2022-06-23,98080.0,IBOVESPA
904,2022-06-24,98672.0,IBOVESPA
905,2022-06-25,98672.0,IBOVESPA
906,2022-06-26,98672.0,IBOVESPA
907,2022-06-27,100764.0,IBOVESPA
908,2022-06-28,100591.0,IBOVESPA
909,2022-06-29,99622.0,IBOVESPA
910,2022-06-30,98542.0,IBOVESPA
911,2022-07-01,98954.0,IBOVESPA
912,2022-07-02,98954.0,IBOVESPA
913,2022-07-03,98954.0,IBOVESPA
914,2022-07-04,98609.0,IBOVESPA
915,2022-07-05,98295.0,IBOVESPA
916,2022-07-06,98719.0,IBOVESPA
917,2022-07-07,100730.0,IBOVESPA
918,2022-07-08,100289.0,IBOVESPA
919,2022-07-09,100289.0,IBOVESPA
920,2022-07-10,100289.0,IBOVESPA
921,2022-07-11,98212.0,IBOVESPA
922,2022-07-12,98271.0,IBOVESPA
923,2022-07-13,97881.0,IBOVESPA
924,2022-07-14,96121.0,IBOVESPA
925,2022-07-15,96551.0,IBOVESPA
926,2022-07-16,96551.0,IBOVESPA
927,2022-07-17,96551.0,IBOVESPA
928,2022-07-18,96916.0,IBOVESPA
929,2022-07-19,98245.0,IBOVESPA
930,2022-07-20,98287.0,IBOVESPA
931,2022-07-21,99033.0,IBOVESPA
932,2022-07-22,98925.0,IBOVESPA
933,2022-07-23,98925.0,IBOVESPA
934,2022-07-24,98925.0,IBOVESPA
935,2022-07-25,100270.0,IBOVESPA
936,2022-07-26,99772.0,IBOVESPA
937,2022-07-27,101438.0,IBOVESPA
938,2022-07-28,102597.0,IBOVESPA
939,2022-07-29,103165.0,IBOVESPA
940,2022-07-30,103165.0,IBOVESPA
941,2022-07-31,103165.0,IBOVESPA
942,2022-08-01,102225.0,IBOVESPA
943,2022-08-02,103362.0,IBOVESPA
944,2022-08-03,103775.0,IBOVESPA
945,2022-08-04,105892.0,IBOVESPA
946,2022-08-05,106472.0,IBOVESPA
947,2022-08-06,106472.0,IBOVESPA
948,2022-08-07,106472.0,IBOVESPA
949,2022-08-08,108402.0,IBOVESPA
950,2022-08-09,108651.0,IBOVESPA
951,2022-08-10,110236.0,IBOVESPA
952,2022-08-11,109718.0,IBOVESPA
953,2022-08-12,112764.0,IBOVESPA
954,2022-08-13,112764.0,IBOVESPA
955,2022-08-14,112764.0,IBOVESPA
956,2022-08-15,113032.0,IBOVESPA
957,2022-08-16,113512.0,IBOVESPA
958,2022-08-17,113708.0,IBOVESPA
959,2022-08-18,113813.0,IBOVESPA
960,2022-08-19,111496.0,IBOVESPA
961,2022-08-20,111496.0,IBOVESPA
962,2022-08-21,111496.0,IBOVESPA
963,2022-08-22,110501.0,IBOVESPA
964,2022-08-23,112857.0,IBOVESPA
965,2022-08-24,112898.0,IBOVESPA
966,2022-08-25,113532.0,IBOVESPA
967,2022-08-26,112299.0,IBOVESPA
968,2022-08-27,112299.0,IBOVESPA
969,2022-08-28,112299.0,IBOVESPA
970,2022-08-29,112323.0,IBOVESPA
971,2022-08-30,110431.0,IBOVESPA
972,2022-08-31,109523.0,IBOVESPA
973,2022-09-01,110405.0,IBOVESPA
974,2022-09-02,110864.0,IBOVESPA
975,2022-09-03,110864.0,IBOVESPA
976,2022-09-04,110864.0,IBOVESPA
977,2022-09-05,112203.0,IBOVESPA
978,2022-09-06,109764.0,IBOVESPA
979,2022-09-07,109764.0,IBOVESPA
980,2022-09-08,109916.0,IBOVESPA
981,2022-09-09,112300.0,IBOVESPA
982,2022-09-10,112300.0,IBOVESPA
983,2022-09-11,112300.0,IBOVESPA
984,2022-09-12,113407.0,IBOVESPA
985,2022-09-13,110794.0,IBOVESPA
986,2022-09-14,110547.0,IBOVESPA
987,2022-09-15,109954.0,IBOVESPA
988,2022-09-16,109280.0,IBOVESPA
989,2022-09-17,109280.0,IBOVESPA
990,2022-09-18,109280.0,IBOVESPA
991,2022-09-19,111824.0,IBOVESPA
992,2022-09-20,112517.0,IBOVESPA
993,2022-09-21,111936.0,IBOVESPA
994,2022-09-22,114070.0,IBOVESPA
995,2022-09-23,111716.0,IBOVESPA
996,2022-09-24,111716.0,IBOVESPA
997,2022-09-25,111716.0,IBOVESPA
998,2022-09-26,109114.0,IBOVESPA
999,2022-09-27,108376.0,IBOVESPA
1000,2022-09-28,108451.0,IBOVESPA
1001,2022-09-29,107664.0,IBOVESPA
1002,2022-09-30,110037.0,IBOVESPA
1003,2022-10-01,110037.0,IBOVESPA
1004,2022-10-02,110037.0,IBOVESPA
1005,2022-10-03,116134.0,IBOVESPA
1006,2022-10-04,116230.0,IBOVESPA
1007,2022-10-05,117198.0,IBOVESPA
1008,2022-10-06,117561.0,IBOVESPA
1009,2022-10-07,116375.0,IBOVESPA
1010,2022-10-08,116375.0,IBOVESPA
1011,2022-10-09,116375.0,IBOVESPA
1012,2022-10-10,115941.0,IBOVESPA
1013,2022-10-11,114827.0,IBOVESPA
1014,2022-10-12,114827.0,IBOVESPA
1015,2022-10-13,114300.0,IBOVESPA
1016,2022-10-14,112072.0,IBOVESPA
1017,2022-10-15,112072.0,IBOVESPA
1018,2022-10-16,112072.0,IBOVESPA
1019,2022-10-17,113624.0,IBOVESPA
1020,2022-10-18,115743.0,IBOVESPA
1021,2022-10-19,116274.0,IBOVESPA
1022,2022-10-20,117171.0,IBOVESPA
1023,2022-10-21,119929.0,IBOVESPA
1024,2022-10-22,119929.0,IBOVESPA
1025,2022-10-23,119929.0,IBOVESPA
1026,2022-10-24,116013.0,IBOVESPA
1027,2022-10-25,114626.0,IBOVESPA
1028,2022-10-26,112764.0,IBOVESPA
1029,2022-10-27,114641.0,IBOVESPA
1030,2022-10-28,114539.0,IBOVESPA
1031,2022-10-29,114539.0,IBOVESPA
1032,2022-10-30,114539.0,IBOVESPA
1033,2022-10-31,116037.0,IBOVESPA
1034,2022-11-01,116929.0,IBOVESPA
1035,2022-11-02,116929.0,IBOVESPA
1036,2022-11-03,116896.0,IBOVESPA
1037,2022-11-04,118155.0,IBOVESPA
1038,2022-11-05,118155.0,IBOVESPA
1039,2022-11-06,118155.0,IBOVESPA
1040,2022-11-07,115342.0,IBOVESPA
1041,2022-11-08,116160.0,IBOVESPA
1042,2022-11-09,113580.0,IBOVESPA
1043,2022-11-10,109775.0,IBOVESPA
1044,2022-11-11,112253.0,IBOVESPA
1045,2022-11-12,112253.0,IBOVESPA
1046,2022-11-13,112253.0,IBOVESPA
1047,2022-11-14,113161.0,IBOVESPA
1048,2022-11-15,113161.0,IBOVESPA
1049,2022-11-16,110243.0,IBOVESPA
1050,2022-11-17,109703.0,IBOVESPA
1051,2022-11-18,108880.0,IBOVESPA
1052,2022-11-19,108880.0,IBOVESPA
1053,2022-11-20,108880.0,IBOVESPA
1054,2022-11-21,109748.0,IBOVESPA
1055,2022-11-22,109037.0,IBOVESPA
1056,2022-11-23,108683.0,IBOVESPA
1057,2022-11-24,111831.0,IBOVESPA
1058,2022-11-25,108977.0,IBOVESPA
1059,2022-11-26,108977.0,IBOVESPA
1060,2022-11-27,108977.0,IBOVESPA
1061,2022-11-28,108782.0,IBOVESPA
1062,2022-11-29,110910.0,IBOVESPA
1063,2022-11-30,112486.0,IBOVESPA
1064,2022-12-01,110926.0,IBOVESPA
1065,2022-12-02,111924.0,IBOVESPA
1066,2022-12-03,111924.0,IBOVESPA
1067,2022-12-04,111924.0,IBOVESPA
1068,2022-12-05,109401.0,IBOVESPA
1069,2022-12-06,109533.0,IBOVESPA
1070,2022-12-07,109361.0,IBOVESPA
1071,2022-12-08,107245.0,IBOVESPA
1072,2022-12-09,107689.0,IBOVESPA
1073,2022-12-10,107689.0,IBOVESPA
1074,2022-12-11,107689.0,IBOVESPA
1075,2022-12-12,105264.0,IBOVESPA
1076,2022-12-13,103892.0,IBOVESPA
1077,2022-12-14,103803.0,IBOVESPA
1078,2022-12-15,103738.0,IBOVESPA
1079,2022-12-16,102825.0,IBOVESPA
1080,2022-12-17,102825.0,IBOVESPA
1081,2022-12-18,102825.0,IBOVESPA
1082,2022-12-19,104530.0,IBOVESPA
1083,2022-12-20,106979.0,IBOVESPA
1084,2022-12-21,107313.0,IBOVESPA
1085,2022-12-22,107317.0,IBOVESPA
1086,2022-12-23,109698.0,IBOVESPA
1087,2022-12-24,109698.0,IBOVESPA
1088,2022-12-25,109698.0,IBOVESPA
1089,2022-12-26,108738.0,IBOVESPA
1090,2022-12-27,108347.0,IBOVESPA
1091,2022-12-28,110237.0,IBOVESPA
1092,2022-12-29,110031.0,IBOVESPA
1093,2022-12-30,110031.0,IBOVESPA
1094,2022-12-31,110031.0,IBOVESPA
1095,2023-01-01,110031.0,IBOVESPA
1096,2023-01-02,106376.0,IBOVESPA
1097,2023-01-03,104166.0,IBOVESPA
1098,2023-01-04,105334.0,IBOVESPA
1099,2023-01-05,107518.0,IBOVESPA
1100,2023-01-06,108836.0,IBOVESPA
1101,2023-01-07,108836.0,IBOVESPA
1102,2023-01-08,108836.0,IBOVESPA
1103,2023-01-09,109227.0,IBOVESPA
1104,2023-01-10,110912.0,IBOVESPA
1105,2023-01-11,111763.0,IBOVESPA
1106,2023-01-12,111877.0,IBOVESPA
1107,2023-01-13,110916.0,IBOVESPA
1108,2023-01-14,110916.0,IBOVESPA
1109,2023-01-15,110916.0,IBOVESPA
1110,2023-01-16,109213.0,IBOVESPA
1111,2023-01-17,111439.0,IBOVESPA
1112,2023-01-18,112452.0,IBOVESPA
1113,2023-01-19,113006.0,IBOVESPA
1114,2023-01-20,112301.0,IBOVESPA
1115,2023-01-21,112301.0,IBOVESPA
1116,2023-01-22,112301.0,IBOVESPA
1117,2023-01-23,111709.0,IBOVESPA
1118,2023-01-24,113028.0,IBOVESPA
1119,2023-01-25,114195.0,IBOVESPA
1120,2023-01-26,114109.0,IBOVESPA
1121,2023-01-27,112502.0,IBOVESPA
1122,2023-01-28,112502.0,IBOVESPA
1123,2023-01-29,112502.0,IBOVESPA
1124,2023-01-30,111888.0,IBOVESPA
1125,2023-01-31,113532.0,IBOVESPA
1126,2023-02-01,112303.0,IBOVESPA
1127,2023-02-02,109935.0,IBOVESPA
1128,2023-02-03,108490.0,IBOVESPA
1129,2023-02-04,108490.0,IBOVESPA
1130,2023-02-05,108490.0,IBOVESPA
1131,2023-02-06,108456.0,IBOVESPA
1132,2023-02-07,107920.0,IBOVESPA
1133,2023-02-08,109882.0,IBOVESPA
1134,2023-02-09,107783.0,IBOVESPA
1135,2023-02-10,108150.0,IBOVESPA
1136,2023-02-11,108150.0,IBOVESPA
1137,2023-02-12,108150.0,IBOVESPA
1138,2023-02-13,108846.0,IBOVESPA
1139,2023-02-14,107659.0,IBOVESPA
1140,2023-02-15,109442.0,IBOVESPA
1141,2023-02-16,109905.0,IBOVESPA
1142,2023-02-17,109303.0,IBOVESPA
1143,2023-02-18,109303.0,IBOVESPA
1144,2023-02-19,109303.0,IBOVESPA
1145,2023-02-20,109303.0,IBOVESPA
1146,2023-02-21,109303.0,IBOVESPA
1147,2023-02-22,107152.0,IBOVESPA
1148,2023-02-23,107720.0,IBOVESPA
1149,2023-02-24,105873.0,IBOVESPA
1150,2023-02-25,105873.0,IBOVESPA
1151,2023-02-26,105873.0,IBOVESPA
1152,2023-02-27,105711.0,IBOVESPA
1153,2023-02-28,104932.0,IBOVESPA
1154,2023-03-01,104385.0,IBOVESPA
1155,2023-03-02,103326.0,IBOVESPA
1156,2023-03-03,103866.0,IBOVESPA
1157,2023-03-04,103866.0,IBOVESPA
1158,2023-03-05,103866.0,IBOVESPA
1159,2023-03-06,104700.0,IBOVESPA
1160,2023-03-07,104228.0,IBOVESPA
1161,2023-03-08,106540.0,IBOVESPA
1162,2023-03-09,105071.0,IBOVESPA
1163,2023-03-10,103618.0,IBOVESPA
1164,2023-03-11,103618.0,IBOVESPA
1165,2023-03-12,103618.0,IBOVESPA
1166,2023-03-13,103121.0,IBOVESPA
1167,2023-03-14,102932.0,IBOVESPA
1168,2023-03-15,102675.0,IBOVESPA
1169,2023-03-16,103435.0,IBOVESPA
1170,2023-03-17,101982.0,IBOVESPA
1171,2023-03-18,101982.0,IBOVESPA
1172,2023-03-19,101982.0,IBOVESPA
1173,2023-03-20,100923.0,IBOVESPA
1174,2023-03-21,100998.0,IBOVESPA
1175,2023-03-22,100221.0,IBOVESPA
1176,2023-03-23,97926.0,IBOVESPA
1177,2023-03-24,98829.0,IBOVESPA
1178,2023-03-25,98829.0,IBOVESPA
1179,2023-03-26,98829.0,IBOVESPA
1180,2023-03-27,99670.0,IBOVESPA
1181,2023-03-28,101185.0,IBOVESPA
1182,2023-03-29,101793.0,IBOVESPA
1183,2023-03-30,103713.0,IBOVESPA
1184,2023-03-31,101882.0,IBOVESPA
1185,2023-04-01,101882.0,IBOVESPA
1186,2023-04-02,101882.0,IBOVESPA
1187,2023-04-03,101506.0,IBOVESPA
1188,2023-04-04,101869.0,IBOVESPA
1189,2023-04-05,100978.0,IBOVESPA
1190,2023-04-06,100822.0,IBOVESPA
1191,2023-04-07,100822.0,IBOVESPA
1192,2023-04-08,100822.0,IBOVESPA
1193,2023-04-09,100822.0,IBOVESPA
1194,2023-04-10,101847.0,IBOVESPA
1195,2023-04-11,106214.0,IBOVESPA
1196,2023-04-12,106890.0,IBOVESPA
1197,2023-04-13,106458.0,IBOVESPA
1198,2023-04-14,106279.0,IBOVESPA
1199,2023-04-15,106279.0,IBOVESPA
1200,2023-04-16,106279.0,IBOVESPA
1201,2023-04-17,106016.0,IBOVESPA
1202,2023-04-18,106163.0,IBOVESPA
1203,2023-04-19,103913.0,IBOVESPA
1204,2023-04-20,104367.0,IBOVESPA
1205,2023-04-21,104367.0,IBOVESPA
1206,2023-04-22,104367.0,IBOVESPA
1207,2023-04-23,104367.0,IBOVESPA
1208,2023-04-24,103947.0,IBOVESPA
1209,2023-04-25,103220.0,IBOVESPA
1210,2023-04-26,102312.0,IBOVESPA
1211,2023-04-27,102923.0,IBOVESPA
1212,2023-04-28,104432.0,IBOVESPA
1213,2023-04-29,104432.0,IBOVESPA
1214,2023-04-30,104432.0,IBOVESPA
1215,2023-05-01,104432.0,IBOVESPA
1216,2023-05-02,101927.0,IBOVESPA
1217,2023-05-03,101797.0,IBOVESPA
1218,2023-05-04,102174.0,IBOVESPA
1219,2023-05-05,105148.0,IBOVESPA
1220,2023-05-06,105148.0,IBOVESPA
1221,2023-05-07,105148.0,IBOVESPA
1222,2023-05-08,106042.0,IBOVESPA
1223,2023-05-09,107114.0,IBOVESPA
1224,2023-05-10,107448.0,IBOVESPA
1225,2023-05-11,108256.0,IBOVESPA
1226,2023-05-12,108464.0,IBOVESPA
1227,2023-05-13,108464.0,IBOVESPA
1228,2023-05-14,108464.0,IBOVESPA
1229,2023-05-15,109029.0,IBOVESPA
1230,2023-05-16,108194.0,IBOVESPA
1231,2023-05-17,109460.0,IBOVESPA
1232,2023-05-18,110108.0,IBOVESPA
1233,2023-05-19,110745.0,IBOVESPA
1234,2023-05-20,110745.0,IBOVESPA
1235,2023-05-21,110745.0,IBOVESPA
1236,2023-05-22,110213.0,IBOVESPA
1237,2023-05-23,109929.0,IBOVESPA
1238,2023-05-24,108800.0,IBOVESPA
1239,2023-05-25,110054.0,IBOVESPA
1240,2023-05-26,110906.0,IBOVESPA
1241,2023-05-27,110906.0,IBOVESPA
1242,2023-05-28,110906.0,IBOVESPA
1243,2023-05-29,110333.0,IBOVESPA
1244,2023-05-30,108967.0,IBOVESPA
1245,2023-05-31,108335.0,IBOVESPA
1246,2023-06-01,110565.0,IBOVESPA
1247,2023-06-02,112558.0,IBOVESPA
1248,2023-06-03,112558.0,IBOVESPA
1249,2023-06-04,112558.0,IBOVESPA
1250,2023-06-05,112696.0,IBOVESPA
1251,2023-06-06,114610.0,IBOVESPA
1252,2023-06-07,115488.0,IBOVESPA
1253,2023-06-08,115488.0,IBOVESPA
1254,2023-06-09,117019.0,IBOVESPA
1255,2023-06-10,117019.0,IBOVESPA
1256,2023-06-11,117019.0,IBOVESPA
1257,2023-06-12,117336.0,IBOVESPA
1258,2023-06-13,116743.0,IBOVESPA
1259,2023-06-14,119069.0,IBOVESPA
1260,2023-06-15,119221.0,IBOVESPA
1261,2023-06-16,118758.0,IBOVESPA
1262,2023-06-17,118758.0,IBOVESPA
1263,2023-06-18,118758.0,IBOVESPA
1264,2023-06-19,119858.0,IBOVESPA
1265,2023-06-20,119622.0,IBOVESPA
1266,2023-06-21,120420.0,IBOVESPA
1267,2023-06-22,118934.0,IBOVESPA
1268,2023-06-23,118977.0,IBOVESPA
1269,2023-06-24,118977.0,IBOVESPA
1270,2023-06-25,118977.0,IBOVESPA
1271,2023-06-26,118243.0,IBOVESPA
1272,2023-06-27,117523.0,IBOVESPA
1273,2023-06-28,116681.0,IBOVESPA
1274,2023-06-29,118383.0,IBOVESPA
1275,2023-06-30,118087.0,IBOVESPA
1276,2023-07-01,118087.0,IBOVESPA
1277,2023-07-02,118087.0,IBOVESPA
1278,2023-07-03,119673.0,IBOVESPA
1279,2023-07-04,119076.0,IBOVESPA
1280,2023-07-05,119549.0,IBOVESPA
1281,2023-07-06,117426.0,IBOVESPA
1282,2023-07-07,118898.0,IBOVESPA
1283,2023-07-08,118898.0,IBOVESPA
1284,2023-07-09,118898.0,IBOVESPA
1285,2023-07-10,117942.0,IBOVESPA
1286,2023-07-11,117220.0,IBOVESPA
1287,2023-07-12,117666.0,IBOVESPA
1288,2023-07-13,119264.0,IBOVESPA
1289,2023-07-14,117711.0,IBOVESPA
1290,2023-07-15,117711.0,IBOVESPA
1291,2023-07-16,117711.0,IBOVESPA
1292,2023-07-17,118219.0,IBOVESPA
1293,2023-07-18,117841.0,IBOVESPA
1294,2023-07-19,117552.0,IBOVESPA
1295,2023-07-20,118083.0,IBOVESPA
1296,2023-07-21,120217.0,IBOVESPA
1297,2023-07-22,120217.0,IBOVESPA
1298,2023-07-23,120217.0,IBOVESPA
1299,2023-07-24,121342.0,IBOVESPA
1300,2023-07-25,122008.0,IBOVESPA
1301,2023-07-26,122560.0,IBOVESPA
1302,2023-07-27,119990.0,IBOVESPA
1303,2023-07-28,120187.0,IBOVESPA
1304,2023-07-29,120187.0,IBOVESPA
1305,2023-07-30,120187.0,IBOVESPA
1306,2023-07-31,121943.0,IBOVESPA
1307,2023-08-01,121248.0,IBOVESPA
1308,2023-08-02,120859.0,IBOVESPA
1309,2023-08-03,120586.0,IBOVESPA
1310,2023-08-04,119508.0,IBOVESPA
1311,2023-08-05,119508.0,IBOVESPA
1312,2023-08-06,119508.0,IBOVESPA
1313,2023-08-07,119380.0,IBOVESPA
1314,2023-08-08,119090.0,IBOVESPA
1315,2023-08-09,118409.0,IBOVESPA
1316,2023-08-10,118350.0,IBOVESPA
1317,2023-08-11,118065.0,IBOVESPA
1318,2023-08-12,118065.0,IBOVESPA
1319,2023-08-13,118065.0,IBOVESPA
1320,2023-08-14,116810.0,IBOVESPA
1321,2023-08-15,116171.0,IBOVESPA
1322,2023-08-16,115592.0,IBOVESPA
1323,2023-08-17,114982.0,IBOVESPA
1324,2023-08-18,115409.0,IBOVESPA
1325,2023-08-19,115409.0,IBOVESPA
1326,2023-08-20,115409.0,IBOVESPA
1327,2023-08-21,114429.0,IBOVESPA
1328,2023-08-22,116156.0,IBOVESPA
1329,2023-08-23,118135.0,IBOVESPA
1330,2023-08-24,117026.0,IBOVESPA
1331,2023-08-25,115837.0,IBOVESPA
1332,2023-08-26,115837.0,IBOVESPA
1333,2023-08-27,115837.0,IBOVESPA
1334,2023-08-28,117121.0,IBOVESPA
1335,2023-08-29,118404.0,IBOVESPA
1336,2023-08-30,117535.0,IBOVESPA
1337,2023-08-31,115742.0,IBOVESPA
1338,2023-09-01,117893.0,IBOVESPA
1339,2023-09-02,117893.0,IBOVESPA
1340,2023-09-03,117893.0,IBOVESPA
1341,2023-09-04,117777.0,IBOVESPA
1342,2023-09-05,117331.0,IBOVESPA
1343,2023-09-06,115985.0,IBOVESPA
1344,2023-09-07,115985.0,IBOVESPA
1345,2023-09-08,115313.0,IBOVESPA
1346,2023-09-09,115313.0,IBOVESPA
1347,2023-09-10,115313.0,IBOVESPA
1348,2023-09-11,116883.0,IBOVESPA
1349,2023-09-12,117968.0,IBOVESPA
1350,2023-09-13,118176.0,IBOVESPA
1351,2023-09-14,119392.0,IBOVESPA
1352,2023-09-15,118758.0,IBOVESPA
1353,2023-09-16,118758.0,IBOVESPA
1354,2023-09-17,118758.0,IBOVESPA
1355,2023-09-18,118288.0,IBOVESPA
1356,2023-09-19,117846.0,IBOVESPA
1357,2023-09-20,118695.0,IBOVESPA
1358,2023-09-21,116145.0,IBOVESPA
1359,2023-09-22,116009.0,IBOVESPA
1360,2023-09-23,116009.0,IBOVESPA
1361,2023-09-24,116009.0,IBOVESPA
1362,2023-09-25,115925.0,IBOVESPA
1363,2023-09-26,114193.0,IBOVESPA
1364,2023-09-27,114327.0,IBOVESPA
1365,2023-09-28,115731.0,IBOVESPA
1366,2023-09-29,116565.0,IBOVESPA
